date,symbol,close,chg_1d,chg_1w,chg_1m
2026-10-02,AAPL,333.69,1.02,-2.164,2.686
2026-10-02,ACHR,4.89,-2.783,-12.834,-13.451
2026-10-02,AMC,2.77,0.362,-5.782,4.924
2026-10-02,AMD,633.91,2.953,0.52,38.693
2026-10-02,AMZN,251.52,1.325,0.741,-1.357
2026-10-02,ASTS,58.45,2.472,-5.436,-6.33
2026-10-02,AVGO,355.14,3.347,0.66,-3.119
2026-10-02,BAER,0.68,-0.293,-14.25,-35.849
2026-10-02,BULL,7.34,4.41,2.086,-18.444
2026-10-02,DE,687.0,2.958,-0.264,-1.393
2026-10-02,DELL,562.52,3.836,-0.066,14.287
2026-10-02,DIS,102.19,0.849,-3.731,-5.362
2026-10-02,ELMT,22.13,8.747,12.678,39.533
2026-10-02,FLY,23.32,2.057,-4.269,10.679
2026-10-02,GME,24.7,2.447,5.601,30.206
2026-10-02,GOOGL,343.5,1.555,-0.122,1.958
2026-10-02,GS,902.56,0.657,-3.516,-10.141
2026-10-02,HIMS,29.0,-1.024,-1.428,1.116
2026-10-02,HOOD,112.74,1.43,-5.578,5.374
2026-10-02,HQ,15.79,5.831,1.283,-9.771
2026-10-02,IBM,222.64,-1.321,-1.273,-3.91
2026-10-02,IREN,41.76,2.731,-5.36,5.455
2026-10-02,ISRG,391.95,-2.315,-3.265,5.397
2026-10-02,IUSG,196.16,1.014,0.523,3.562
2026-10-02,IWM,281.52,0.896,-0.16,-3.998
2026-10-02,JPM,332.38,-0.24,-3.113,-6.692
2026-10-02,KRKNF,2.91,-3.29,-9.907,-21.138
2026-10-02,LTRX,7.19,1.841,2.422,36.692
2026-10-02,LUNR,14.71,4.698,-5.766,-1.009
2026-10-02,META,728.08,0.296,-3.137,22.907
2026-10-02,MSFT,517.53,0.922,0.263,4.169
2026-10-02,MSTR,160.01,-0.305,0.883,29.889
2026-10-02,NBIS,242.81,4.533,2.309,18.972
2026-10-02,NCLH,15.14,3.415,3.628,-2.762
2026-10-02,NKLR,3.51,0.862,-0.567,-32.239
2026-10-02,NNE,15.62,-0.699,-8.064,-11.2
2026-10-02,NVDA,233.95,1.338,3.945,4.368
2026-10-02,OKLO,35.87,-0.747,-5.705,-9.236
2026-10-02,ONDS,7.24,1.685,-5.236,-4.862
2026-10-02,ORLY,84.9,-0.153,-1.417,-2.38
2026-10-02,PLTR,188.75,-0.679,-0.485,11.383
2026-10-02,QBTS,15.77,-4.771,-9.42,-4.366
2026-10-02,QQQ,749.58,1.017,0.682,5.798
2026-10-02,QQQM,308.69,1.021,0.701,5.82
2026-10-02,QS,4.57,-0.436,-6.925,-16.147
2026-10-02,RDW,10.88,2.933,-6.368,5.324
2026-10-02,RKLB,73.92,4.911,-0.041,17.147
2026-10-02,RSP,209.73,0.349,-0.654,-3.697
2026-10-02,SCHA,33.05,0.854,-0.241,-2.617
2026-10-02,SERV,4.615,-2.842,3.708,-5.236
2026-10-02,SMR,7.75,-0.513,-7.957,-18.933
2026-10-02,SPCX,158.96,7.355,6.914,12.97
2026-10-02,SPY,769.64,0.74,-0.222,0.835
2026-10-02,SRFM,0.972,-13.982,-12.432,47.05
2026-10-02,TE,3.92,5.094,3.704,-8.197
2026-10-02,TLT,77.48,-0.296,-1.926,-5.074
2026-10-02,TQQQ,81.01,2.896,1.771,16.619
2026-10-02,TSLA,370.59,4.654,-0.408,3.804
2026-10-02,VELO,11.2,6.972,-0.797,-3.614
2026-10-02,VOOG,86.5,0.945,0.418,3.731
2026-10-02,VUG,91.17,1.042,0.353,4.18
