date,symbol,close,pct_change
2026-09-09,AAPL,315.34,-0.278
2026-09-09,ACHR,5.5,-5.66
2026-09-09,AMC,2.46,-3.906
2026-09-09,AMD,521.1,3.037
2026-09-09,AMZN,252.4,-1.778
2026-09-09,ASTS,62.42,-5.596
2026-09-09,AVGO,364.38,-1.134
2026-09-09,BAER,1.09,-0.909
2026-09-09,BULL,9.42,-1.567
2026-09-09,DE,677.21,-0.517
2026-09-09,DELL,535.25,0.257
2026-09-09,DIS,104.18,-0.838
2026-09-09,ELMT,16.46,-2.776
2026-09-09,FLY,21.81,-4.76
2026-09-09,GME,19.89,5.294
2026-09-09,GOOGL,330.65,-2.279
2026-09-09,GS,1028.78,-0.748
2026-09-09,HIMS,27.9,-0.958
2026-09-09,HOOD,115.28,-1.756
2026-09-09,HQ,16.07,-0.434
2026-09-09,IBM,239.94,3.382
2026-09-09,IREN,45.37,-3.324
2026-09-09,ISRG,353.24,0.88
2026-09-09,IUSG,190.11,-0.429
2026-09-09,IWM,290.64,-1.368
2026-09-09,JPM,354.71,0.339
2026-09-09,LTRX,5.06,-3.985
2026-09-09,LUNR,14.94,-4.719
2026-09-09,META,653.69,6.554
2026-09-09,MSFT,491.65,-0.466
2026-09-09,MSTR,132.7,-2.798
2026-09-09,NBIS,240.35,-1.447
2026-09-09,NCLH,14.85,-3.509
2026-09-09,NKLR,5.45,-3.71
2026-09-09,NNE,18.17,-6.098
2026-09-09,NVDA,223.67,-0.913
2026-09-09,OKLO,42.57,-1.709
2026-09-09,ONDS,7.29,-4.331
2026-09-09,ORLY,86.08,0.221
2026-09-09,PLTR,169.53,-0.452
2026-09-09,QBTS,17.12,-3.113
2026-09-09,QQQ,716.31,-0.285
2026-09-09,QQQM,294.97,-0.267
2026-09-09,QS,5.22,-6.619
2026-09-09,RDW,10.7,-4.72
2026-09-09,RKLB,63.07,-4.251
2026-09-09,RSP,214.64,-0.964
2026-09-09,SCHA,34.1,-1.045
2026-09-09,SERV,4.655,-5.0
2026-09-09,SMR,10.81,-3.309
2026-09-09,SPCX,147.55,-3.857
2026-09-09,SPY,762.4,-0.465
2026-09-09,SRFM,0.614,-2.54
2026-09-09,TE,4.91,-2.964
2026-09-09,TLT,81.73,-0.572
2026-09-09,TQQQ,71.55,-0.845
2026-09-09,TSLA,367.81,-0.095
2026-09-09,VELO,10.91,-8.779
2026-09-09,VOOG,83.76,-0.381
2026-09-09,VUG,87.68,-0.499
2026-09-10,AAPL,326.57,3.561
2026-09-10,ACHR,5.45,-0.909
2026-09-10,AMC,2.36,-4.065
2026-09-10,AMD,503.6,-3.358
2026-09-10,AMZN,251.89,-0.202
2026-09-10,ASTS,59.91,-4.021
2026-09-10,AVGO,360.83,-0.974
2026-09-10,BAER,1.04,-4.587
2026-09-10,BULL,9.3,-1.274
2026-09-10,DE,677.94,0.108
2026-09-10,DELL,506.62,-5.349
2026-09-10,DIS,105.82,1.574
2026-09-10,ELMT,15.92,-3.281
2026-09-10,FLY,20.9,-4.172
2026-09-10,GME,20.39,2.514
2026-09-10,GOOGL,332.6,0.59
2026-09-10,GS,1019.77,-0.876
2026-09-10,HIMS,27.44,-1.649
2026-09-10,HOOD,113.33,-1.692
2026-09-10,HQ,15.45,-3.858
2026-09-10,IBM,234.02,-2.467
2026-09-10,IREN,43.64,-3.813
2026-09-10,ISRG,360.46,2.044
2026-09-10,IUSG,188.58,-0.805
2026-09-10,IWM,287.7,-1.012
2026-09-10,JPM,353.56,-0.324
2026-09-10,KRKNF,3.53,-2.216
2026-09-10,LTRX,5.06,0.0
2026-09-10,LUNR,14.62,-2.142
2026-09-10,META,644.38,-1.424
2026-09-10,MSFT,492.44,0.161
2026-09-10,MSTR,128.56,-3.12
2026-09-10,NBIS,228.11,-5.093
2026-09-10,NCLH,14.57,-1.886
2026-09-10,NKLR,5.25,-3.67
2026-09-10,NNE,17.36,-4.458
2026-09-10,NVDA,218.36,-2.265
2026-09-10,OKLO,39.88,-6.319
2026-09-10,ONDS,7.25,-0.549
2026-09-10,ORLY,85.51,-0.662
2026-09-10,PLTR,165.86,-2.165
2026-09-10,QBTS,16.66,-2.687
2026-09-10,QQQ,708.69,-1.064
2026-09-10,QQQM,291.8,-1.075
2026-09-10,QS,5.18,-0.766
2026-09-10,RDW,10.87,1.589
2026-09-10,RKLB,61.96,-1.76
2026-09-10,RSP,213.17,-0.685
2026-09-10,SCHA,33.65,-1.32
2026-09-10,SERV,4.42,-5.048
2026-09-10,SMR,10.21,-5.55
2026-09-10,SPCX,148.18,0.427
2026-09-10,SPY,757.83,-0.599
2026-09-10,SRFM,0.578,-5.863
2026-09-10,TE,4.58,-6.721
2026-09-10,TLT,80.78,-1.162
2026-09-10,TQQQ,69.21,-3.27
2026-09-10,TSLA,363.56,-1.155
2026-09-10,VELO,10.44,-4.308
2026-09-10,VOOG,83.07,-0.824
2026-09-10,VUG,87.21,-0.536
2026-09-11,AAPL,332.27,1.745
2026-09-11,ACHR,5.58,2.385
2026-09-11,AMC,2.46,4.237
2026-09-11,AMD,516.13,2.488
2026-09-11,AMZN,256.78,1.941
2026-09-11,ASTS,59.86,-0.083
2026-09-11,AVGO,361.99,0.321
2026-09-11,BAER,1.04,0.0
2026-09-11,BULL,9.22,-0.86
2026-09-11,DE,675.74,-0.325
2026-09-11,DELL,567.29,11.975
2026-09-11,DIS,106.55,0.69
2026-09-11,ELMT,16.19,1.696
2026-09-11,FLY,21.13,1.1
2026-09-11,GME,21.15,3.727
2026-09-11,GOOGL,338.5,1.774
2026-09-11,GS,1029.1801,0.923
2026-09-11,HIMS,27.51,0.255
2026-09-11,HOOD,112.57,-0.671
2026-09-11,HQ,15.22,-1.489
2026-09-11,IBM,243.29,3.961
2026-09-11,IREN,43.83,0.435
2026-09-11,ISRG,369.15,2.411
2026-09-11,IUSG,190.1,0.806
2026-09-11,IWM,288.89,0.414
2026-09-11,JPM,356.23,0.755
2026-09-11,KRKNF,3.31,-5.966
2026-09-11,LTRX,5.24,3.557
2026-09-11,LUNR,14.35,-1.847
2026-09-11,META,648.03,0.566
2026-09-11,MSFT,495.63,0.648
2026-09-11,MSTR,130.97,1.875
2026-09-11,NBIS,224.55,-1.561
2026-09-11,NCLH,14.82,1.716
2026-09-11,NKLR,5.11,-2.667
2026-09-11,NNE,16.41,-5.472
2026-09-11,NVDA,218.29,-0.032
2026-09-11,OKLO,36.22,-9.178
2026-09-11,ONDS,7.23,-0.276
2026-09-11,ORLY,85.82,0.363
2026-09-11,PLTR,167.23,0.826
2026-09-11,QBTS,16.8,0.84
2026-09-11,QQQ,714.88,0.873
2026-09-11,QQQM,294.39,0.888
2026-09-11,QS,5.28,1.931
2026-09-11,RDW,10.62,-2.3
2026-09-11,RKLB,62.95,1.598
2026-09-11,RSP,214.87,0.797
2026-09-11,SCHA,33.79,0.416
2026-09-11,SERV,4.48,1.357
2026-09-11,SMR,8.61,-15.671
2026-09-11,SPCX,151.21,2.045
2026-09-11,SPY,764.29,0.852
2026-09-11,SRFM,0.509,-11.938
2026-09-11,TE,4.61,0.655
2026-09-11,TLT,80.87,0.111
2026-09-11,TQQQ,70.98,2.557
2026-09-11,TSLA,365.44,0.517
2026-09-11,VELO,10.53,0.862
2026-09-11,VOOG,83.74,0.807
2026-09-11,VUG,88.02,0.929
2026-09-14,AAPL,333.08,0.244
2026-09-14,ACHR,5.51,-1.254
2026-09-14,AMC,2.5,1.626
2026-09-14,AMD,493.41,-4.402
2026-09-14,AMZN,253.54,-1.262
2026-09-14,ASTS,60.0,0.234
2026-09-14,AVGO,344.72,-4.771
2026-09-14,BAER,1.02,-1.923
2026-09-14,BULL,9.04,-1.952
2026-09-14,DE,681.46,0.846
2026-09-14,DELL,534.28,-5.819
2026-09-14,DIS,108.59,1.915
2026-09-14,ELMT,21.5,32.798
2026-09-14,FLY,21.36,1.088
2026-09-14,GME,21.62,2.222
2026-09-14,GOOGL,349.39,3.217
2026-09-14,GS,988.45,-3.958
2026-09-14,HIMS,28.81,4.726
2026-09-14,HOOD,114.33,1.563
2026-09-14,HQ,10.34,-32.063
2026-09-14,IBM,249.09,2.384
2026-09-14,IREN,43.17,-1.506
2026-09-14,ISRG,377.94,2.381
2026-09-14,IUSG,188.7,-0.736
2026-09-14,IWM,287.91,-0.339
2026-09-14,JPM,350.13,-1.712
2026-09-14,KRKNF,3.34,1.212
2026-09-14,LTRX,5.05,-3.626
2026-09-14,LUNR,13.88,-3.275
2026-09-14,META,665.6,2.711
2026-09-14,MSFT,505.41,1.973
2026-09-14,MSTR,136.94,4.558
2026-09-14,NBIS,212.19,-5.504
2026-09-14,NCLH,14.72,-0.675
2026-09-14,NKLR,4.72,-7.632
2026-09-14,NNE,15.89,-3.169
2026-09-14,NVDA,210.96,-3.358
2026-09-14,OKLO,36.21,-0.028
2026-09-14,ONDS,7.23,0.0
2026-09-14,ORLY,87.22,1.631
2026-09-14,PLTR,173.31,3.636
2026-09-14,QBTS,16.83,0.179
2026-09-14,QQQ,709.18,-0.797
2026-09-14,QQQM,292.02,-0.805
2026-09-14,QS,5.2,-1.515
2026-09-14,RDW,10.49,-1.224
2026-09-14,RKLB,62.55,-0.635
2026-09-14,RSP,215.01,0.065
2026-09-14,SCHA,33.41,-1.125
2026-09-14,SERV,4.43,-1.116
2026-09-14,SMR,8.51,-1.161
2026-09-14,SPCX,148.15,-2.024
2026-09-14,SPY,760.88,-0.446
2026-09-14,SRFM,0.482,-5.305
2026-09-14,TE,4.37,-5.206
2026-09-14,TLT,80.93,0.074
2026-09-14,TQQQ,69.27,-2.409
2026-09-14,TSLA,358.97,-1.77
2026-09-14,VELO,9.99,-5.128
2026-09-14,VOOG,83.16,-0.693
2026-09-14,VUG,87.71,-0.352
2026-09-15,AAPL,331.34,-0.522
2026-09-15,ACHR,5.47,-0.726
2026-09-15,AMC,2.55,2.0
2026-09-15,AMD,504.2,2.187
2026-09-15,AMZN,248.42,-2.019
2026-09-15,ASTS,58.77,-2.05
2026-09-15,AVGO,339.27,-1.581
2026-09-15,BAER,1.01,-0.98
2026-09-15,BULL,8.66,-4.204
2026-09-15,DE,684.04,0.379
2026-09-15,DELL,543.51,1.728
2026-09-15,DIS,106.42,-1.998
2026-09-15,ELMT,19.57,-8.977
2026-09-15,FLY,20.49,-4.073
2026-09-15,GME,21.44,-0.833
2026-09-15,GOOGL,344.98,-1.262
2026-09-15,GS,976.67,-1.192
2026-09-15,HIMS,27.85,-3.332
2026-09-15,HOOD,110.45,-3.394
2026-09-15,HQ,13.2,27.66
2026-09-15,IBM,248.37,-0.289
2026-09-15,IREN,41.58,-3.683
2026-09-15,ISRG,377.16,-0.206
2026-09-15,IUSG,187.5,-0.507
2026-09-15,IWM,285.14,-0.703
2026-09-15,JPM,352.49,0.674
2026-09-15,KRKNF,3.18,-5.357
2026-09-15,LTRX,5.33,5.545
2026-09-15,LUNR,13.87,-0.072
2026-09-15,META,670.24,0.697
2026-09-15,MSFT,497.12,-1.64
2026-09-15,MSTR,129.6,-5.36
2026-09-15,NBIS,207.37,-2.272
2026-09-15,NCLH,14.28,-2.989
2026-09-15,NKLR,4.59,-2.754
2026-09-15,NNE,15.78,-0.692
2026-09-15,NVDA,212.17,0.574
2026-09-15,OKLO,35.98,-0.635
2026-09-15,ONDS,7.24,0.138
2026-09-15,ORLY,85.16,-2.362
2026-09-15,PLTR,172.56,-0.433
2026-09-15,QBTS,16.41,-2.496
2026-09-15,QQQ,704.54,-0.654
2026-09-15,QQQM,290.09,-0.661
2026-09-15,QS,5.05,-2.885
2026-09-15,RDW,10.75,2.479
2026-09-15,RKLB,63.55,1.599
2026-09-15,RSP,213.96,-0.488
2026-09-15,SCHA,33.15,-0.778
2026-09-15,SERV,4.33,-2.257
2026-09-15,SMR,8.43,-0.94
2026-09-15,SPCX,143.49,-3.145
2026-09-15,SPY,757.39,-0.459
2026-09-15,SRFM,0.469,-2.697
2026-09-15,TE,4.3,-1.602
2026-09-15,TLT,80.71,-0.272
2026-09-15,TQQQ,67.9,-1.978
2026-09-15,TSLA,356.58,-0.666
2026-09-15,VELO,9.82,-1.702
2026-09-15,VOOG,82.71,-0.541
2026-09-15,VUG,87.06,-0.741
2026-09-16,AAPL,332.41,0.323
2026-09-16,ACHR,5.22,-4.57
2026-09-16,AMC,2.66,4.314
2026-09-16,AMD,512.5,1.646
2026-09-16,AMZN,245.96,-0.99
2026-09-16,ASTS,59.27,0.851
2026-09-16,AVGO,339.51,0.071
2026-09-16,BAER,0.992,-1.782
2026-09-16,BULL,7.69,-11.201
2026-09-16,DE,669.47,-2.13
2026-09-16,DELL,563.29,3.639
2026-09-16,DIS,106.99,0.536
2026-09-16,ELMT,19.84,1.38
2026-09-16,FLY,20.28,-1.025
2026-09-16,GME,21.98,2.519
2026-09-16,GOOGL,342.87,-0.612
2026-09-16,GS,937.98,-3.961
2026-09-16,HIMS,28.0,0.539
2026-09-16,HOOD,104.42,-5.459
2026-09-16,HQ,13.56,2.727
2026-09-16,IBM,237.49,-4.381
2026-09-16,IREN,42.62,2.501
2026-09-16,ISRG,382.29,1.36
2026-09-16,IUSG,187.29,-0.112
2026-09-16,IWM,283.92,-0.428
2026-09-16,JPM,348.92,-1.013
2026-09-16,KRKNF,3.28,3.145
2026-09-16,LTRX,5.42,1.689
2026-09-16,LUNR,13.87,0.0
2026-09-16,META,673.31,0.458
2026-09-16,MSFT,490.3,-1.372
2026-09-16,MSTR,126.18,-2.639
2026-09-16,NBIS,209.37,0.964
2026-09-16,NCLH,14.53,1.751
2026-09-16,NKLR,4.175,-9.041
2026-09-16,NNE,15.64,-0.887
2026-09-16,NVDA,213.9,0.815
2026-09-16,OKLO,35.62,-1.001
2026-09-16,ONDS,7.2,-0.552
2026-09-16,ORLY,83.68,-1.738
2026-09-16,PLTR,174.34,1.032
2026-09-16,QBTS,16.27,-0.853
2026-09-16,QQQ,704.72,0.026
2026-09-16,QQQM,290.2,0.038
2026-09-16,QS,5.0,-0.99
2026-09-16,RDW,10.79,0.372
2026-09-16,RKLB,63.7,0.236
2026-09-16,RSP,212.28,-0.785
2026-09-16,SCHA,33.06,-0.271
2026-09-16,SERV,4.29,-0.924
2026-09-16,SMR,8.3,-1.542
2026-09-16,SPCX,150.88,5.15
2026-09-16,SPY,754.05,-0.441
2026-09-16,SRFM,0.497,5.97
2026-09-16,TE,4.09,-4.884
2026-09-16,TLT,80.88,0.211
2026-09-16,TQQQ,67.93,0.044
2026-09-16,TSLA,358.08,0.421
2026-09-16,VELO,9.99,1.731
2026-09-16,VOOG,82.63,-0.097
2026-09-16,VUG,87.06,0.0
2026-09-17,AAPL,337.0,1.381
2026-09-17,ACHR,5.4,3.448
2026-09-17,AMC,2.71,1.88
2026-09-17,AMD,545.09,6.359
2026-09-17,AMZN,251.19,2.126
2026-09-17,ASTS,62.71,5.804
2026-09-17,AVGO,347.3,2.294
2026-09-17,BAER,0.924,-6.855
2026-09-17,BULL,7.71,0.26
2026-09-17,DE,685.63,2.414
2026-09-17,DELL,588.4,4.458
2026-09-17,DIS,105.35,-1.533
2026-09-17,ELMT,21.97,10.736
2026-09-17,FLY,21.72,7.101
2026-09-17,GME,22.77,3.594
2026-09-17,GOOGL,347.33,1.301
2026-09-17,GS,951.47,1.438
2026-09-17,HIMS,27.89,-0.393
2026-09-17,HOOD,109.81,5.162
2026-09-17,HQ,13.51,-0.369
2026-09-17,IBM,237.75,0.109
2026-09-17,IREN,43.48,2.018
2026-09-17,ISRG,383.54,0.327
2026-09-17,IUSG,190.07,1.484
2026-09-17,IWM,285.43,0.532
2026-09-17,JPM,349.31,0.112
2026-09-17,KRKNF,3.275,-0.152
2026-09-17,LTRX,5.82,7.38
2026-09-17,LUNR,14.79,6.633
2026-09-17,META,682.31,1.337
2026-09-17,MSFT,497.75,1.519
2026-09-17,MSTR,132.25,4.811
2026-09-17,NBIS,217.99,4.117
2026-09-17,NCLH,14.39,-0.964
2026-09-17,NKLR,4.2,0.599
2026-09-17,NNE,16.97,8.504
2026-09-17,NVDA,219.34,2.543
2026-09-17,OKLO,39.65,11.314
2026-09-17,ONDS,7.39,2.639
2026-09-17,ORLY,84.89,1.446
2026-09-17,PLTR,176.24,1.09
2026-09-17,QBTS,17.69,8.728
2026-09-17,QQQ,716.92,1.731
2026-09-17,QQQM,295.2,1.723
2026-09-17,QS,5.17,3.4
2026-09-17,RDW,11.55,7.044
2026-09-17,RKLB,67.82,6.468
2026-09-17,RSP,213.31,0.485
2026-09-17,SCHA,33.32,0.786
2026-09-17,SERV,4.3,0.233
2026-09-17,SMR,9.04,8.916
2026-09-17,SPCX,154.81,2.605
2026-09-17,SPY,762.6,1.134
2026-09-17,SRFM,0.635,27.767
2026-09-17,TE,4.3,5.134
2026-09-17,TLT,81.78,1.113
2026-09-17,TQQQ,71.38,5.079
2026-09-17,TSLA,366.2,2.268
2026-09-17,VELO,10.73,7.407
2026-09-17,VOOG,83.86,1.489
2026-09-17,VUG,88.43,1.574
2026-09-18,AAPL,336.13,-0.258
2026-09-18,ACHR,5.26,-2.593
2026-09-18,AMC,2.7,-0.369
2026-09-18,AMD,559.82,2.702
2026-09-18,AMZN,253.71,1.003
2026-09-18,ASTS,58.52,-6.682
2026-09-18,AVGO,357.61,2.969
2026-09-18,BAER,0.946,2.381
2026-09-18,BULL,8.25,7.004
2026-09-18,DE,683.99,-0.239
2026-09-18,DELL,568.06,-3.457
2026-09-18,DIS,102.67,-2.544
2026-09-18,ELMT,22.98,4.597
2026-09-18,FLY,20.97,-3.453
2026-09-18,GME,22.64,-0.571
2026-09-18,GOOGL,349.54,0.636
2026-09-18,GS,942.0,-0.995
2026-09-18,HIMS,27.99,0.359
2026-09-18,HOOD,119.82,9.116
2026-09-18,HQ,13.54,0.222
2026-09-18,IBM,229.55,-3.449
2026-09-18,IREN,46.68,7.36
2026-09-18,ISRG,393.33,2.553
2026-09-18,IUSG,191.08,0.531
2026-09-18,IWM,284.1,-0.466
2026-09-18,JPM,349.67,0.103
2026-09-18,KRKNF,3.27,-0.153
2026-09-18,LTRX,5.85,0.515
2026-09-18,LUNR,13.92,-5.882
2026-09-18,META,665.75,-2.427
2026-09-18,MSFT,493.78,-0.798
2026-09-18,MSTR,153.92,16.386
2026-09-18,NBIS,223.54,2.546
2026-09-18,NCLH,14.12,-1.876
2026-09-18,NKLR,3.98,-5.238
2026-09-18,NNE,15.73,-7.307
2026-09-18,NVDA,222.27,1.336
2026-09-18,OKLO,38.0,-4.161
2026-09-18,ONDS,7.39,0.0
2026-09-18,ORLY,84.71,-0.212
2026-09-18,PLTR,177.64,0.794
2026-09-18,QBTS,17.11,-3.279
2026-09-18,QQQ,721.45,0.632
2026-09-18,QQQM,296.91,0.579
2026-09-18,QS,5.025,-2.805
2026-09-18,RDW,10.74,-7.013
2026-09-18,RKLB,64.57,-4.792
2026-09-18,RSP,212.29,-0.478
2026-09-18,SCHA,33.44,0.36
2026-09-18,SERV,4.41,2.558
2026-09-18,SMR,8.27,-8.518
2026-09-18,SPCX,152.71,-1.357
2026-09-18,SPY,761.69,0.129
2026-09-18,SRFM,0.698,9.921
2026-09-18,TE,4.17,-3.023
2026-09-18,TLT,81.25,-0.648
2026-09-18,TQQQ,72.64,1.765
2026-09-18,TSLA,364.27,-0.527
2026-09-18,VELO,10.58,-1.398
2026-09-18,VOOG,84.35,0.584
2026-09-18,VUG,88.75,0.362
2026-09-21,AAPL,338.98,0.848
2026-09-21,ACHR,5.43,3.232
2026-09-21,AMC,2.89,7.037
2026-09-21,AMD,615.52,9.95
2026-09-21,AMZN,258.45,1.868
2026-09-21,ASTS,61.89,5.759
2026-09-21,AVGO,362.66,1.597
2026-09-21,BAER,0.93,-1.691
2026-09-21,BULL,8.25,0.0
2026-09-21,DE,684.73,0.108
2026-09-21,DELL,575.31,1.276
2026-09-21,DIS,104.23,1.519
2026-09-21,ELMT,21.83,-5.004
2026-09-21,FLY,22.825,8.846
2026-09-21,GME,22.76,0.53
2026-09-21,GOOGL,354.97,1.553
2026-09-21,GS,959.39,1.846
2026-09-21,HIMS,29.35,4.859
2026-09-21,HOOD,123.3,2.904
2026-09-21,HQ,15.4,13.737
2026-09-21,IBM,231.93,1.037
2026-09-21,IREN,47.23,1.178
2026-09-21,ISRG,401.65,2.115
2026-09-21,IUSG,195.29,2.203
2026-09-21,IWM,285.58,0.521
2026-09-21,JPM,352.04,0.678
2026-09-21,KRKNF,3.28,0.306
2026-09-21,LTRX,6.18,5.641
2026-09-21,LUNR,15.72,12.931
2026-09-21,META,741.25,11.428
2026-09-21,MSFT,501.61,1.586
2026-09-21,MSTR,168.5,9.472
2026-09-21,NBIS,232.8,4.142
2026-09-21,NCLH,14.24,0.85
2026-09-21,NKLR,4.13,3.769
2026-09-21,NNE,17.1,8.709
2026-09-21,NVDA,227.38,2.299
2026-09-21,OKLO,40.18,5.737
2026-09-21,ONDS,7.38,-0.135
2026-09-21,ORLY,82.88,-2.16
2026-09-21,PLTR,183.09,3.068
2026-09-21,QBTS,17.7,3.448
2026-09-21,QQQ,741.47,2.882
2026-09-21,QQQM,305.27,2.924
2026-09-21,QS,5.1,1.493
2026-09-21,RDW,11.6,8.007
2026-09-21,RKLB,69.89,8.239
2026-09-21,RSP,212.68,0.56
2026-09-21,SCHA,33.61,0.508
2026-09-21,SERV,4.44,0.68
2026-09-21,SMR,8.79,6.288
2026-09-21,SPCX,151.85,-0.563
2026-09-21,SPY,773.5,1.55
2026-09-21,SRFM,0.67,-4.011
2026-09-21,TE,4.45,6.715
2026-09-21,TLT,81.8,0.677
2026-09-21,TQQQ,78.91,8.632
2026-09-21,TSLA,375.3,3.028
2026-09-21,VELO,11.25,6.333
2026-09-21,VOOG,86.26,2.264
2026-09-21,VUG,91.02,2.558
2026-09-22,AAPL,339.75,0.227
2026-09-22,ACHR,5.69,4.788
2026-09-22,AMC,2.97,2.768
2026-09-22,AMD,623.77,1.34
2026-09-22,AMZN,254.98,-1.343
2026-09-22,ASTS,63.69,2.908
2026-09-22,AVGO,364.54,0.518
2026-09-22,BULL,8.09,-1.939
2026-09-22,DELL,548.92,-4.587
2026-09-22,GME,24.03,5.58
2026-09-22,GOOGL,351.16,-1.073
2026-09-22,HIMS,30.43,3.68
2026-09-22,HOOD,124.25,0.77
2026-09-22,IREN,48.55,2.795
2026-09-22,IWM,287.21,0.571
2026-09-22,JPM,340.0,-3.42
2026-09-22,KRKNF,3.29,0.305
2026-09-22,LUNR,16.24,3.308
2026-09-22,META,736.6,-0.627
2026-09-22,MSFT,498.0,-0.72
2026-09-22,MSTR,167.33,-0.694
2026-09-22,NBIS,236.12,1.426
2026-09-22,NCLH,14.22,-0.14
2026-09-22,NVDA,228.87,0.655
2026-09-22,OKLO,40.45,0.672
2026-09-22,ONDS,7.72,4.607
2026-09-22,PLTR,184.99,1.038
2026-09-22,QBTS,17.56,-0.791
2026-09-22,QQQ,747.46,0.808
2026-09-22,QQQM,307.78,0.822
2026-09-22,QS,5.05,-0.98
2026-09-22,RDW,11.76,1.379
2026-09-22,RKLB,71.98,2.99
2026-09-22,SERV,4.55,2.477
2026-09-22,SMR,8.89,1.138
2026-09-22,SPCX,154.72,1.89
2026-09-22,SPY,773.38,-0.016
2026-09-22,SRFM,0.77,14.925
2026-09-22,TE,4.36,-2.022
2026-09-22,TLT,81.75,-0.061
2026-09-22,TQQQ,80.83,2.433
2026-09-22,TSLA,378.9,0.959
2026-09-23,AAPL,337.02,-0.804
2026-09-23,ACHR,5.71,0.351
2026-09-23,AMC,2.87,-3.367
2026-09-23,AMD,614.61,-1.468
2026-09-23,AMZN,249.27,-2.239
2026-09-23,ASTS,59.98,-5.825
2026-09-23,AVGO,354.99,-2.62
2026-09-23,BAER,0.879,-5.484
2026-09-23,BULL,7.65,-5.439
2026-09-23,DE,709.48,3.615
2026-09-23,DELL,549.83,0.166
2026-09-23,DIS,103.46,-0.739
2026-09-23,ELMT,20.58,-5.726
2026-09-23,FLY,21.9,-4.053
2026-09-23,GME,24.2,0.707
2026-09-23,GOOGL,337.83,-3.796
2026-09-23,GS,936.36,-2.4
2026-09-23,HIMS,28.39,-6.704
2026-09-23,HOOD,122.7,-1.247
2026-09-23,HQ,14.87,-3.442
2026-09-23,IBM,232.76,0.358
2026-09-23,IREN,47.05,-3.09
2026-09-23,ISRG,398.3,-0.834
2026-09-23,IUSG,193.78,-0.773
2026-09-23,IWM,281.92,-1.842
2026-09-23,JPM,337.53,-0.726
2026-09-23,KRKNF,3.29,0.305
2026-09-23,LTRX,6.4,3.56
2026-09-23,LUNR,15.24,-6.158
2026-09-23,META,744.1,1.018
2026-09-23,MSFT,500.59,0.52
2026-09-23,MSTR,162.2,-3.066
2026-09-23,NBIS,226.61,-4.028
2026-09-23,NCLH,14.18,-0.281
2026-09-23,NKLR,3.65,-11.622
2026-09-23,NNE,17.01,-0.526
2026-09-23,NVDA,225.51,-1.468
2026-09-23,OKLO,38.82,-4.03
2026-09-23,ONDS,7.4,-4.145
2026-09-23,ORLY,85.9,3.644
2026-09-23,PLTR,191.79,3.676
2026-09-23,QBTS,16.81,-4.271
2026-09-23,QQQ,741.21,-0.836
2026-09-23,QQQM,305.14,-0.858
2026-09-23,QS,4.91,-2.772
2026-09-23,RDW,11.27,-4.167
2026-09-23,RKLB,70.31,-2.32
2026-09-23,RSP,211.31,-0.644
2026-09-23,SCHA,33.16,-1.339
2026-09-23,SERV,4.31,-5.275
2026-09-23,SMR,8.68,-2.362
2026-09-23,SPCX,148.36,-4.111
2026-09-23,SPY,767.81,-0.72
2026-09-23,SRFM,0.884,14.805
2026-09-23,TE,4.04,-7.339
2026-09-23,TLT,80.46,-1.578
2026-09-23,TQQQ,78.66,-2.496
2026-09-23,TSLA,380.12,0.322
2026-09-23,VELO,10.97,-2.489
2026-09-23,VOOG,85.46,-0.927
2026-09-23,VUG,90.27,-0.824
2026-09-24,AAPL,335.92,-0.326
2026-09-24,ACHR,5.71,0.0
2026-09-24,AMC,2.91,1.394
2026-09-24,AMD,629.26,2.384
2026-09-24,AMZN,249.38,0.044
2026-09-24,ASTS,61.06,1.801
2026-09-24,AVGO,350.36,-1.304
2026-09-24,BAER,0.83,-5.575
2026-09-24,BULL,7.26,-5.098
2026-09-24,DE,694.94,-2.049
2026-09-24,DELL,536.02,-2.512
2026-09-24,DIS,105.56,2.03
2026-09-24,ELMT,19.73,-4.13
2026-09-24,FLY,23.09,5.434
2026-09-24,GME,25.02,3.388
2026-09-24,GOOGL,342.36,1.341
2026-09-24,GS,923.29,-1.396
2026-09-24,HIMS,29.28,3.135
2026-09-24,HOOD,120.82,-1.532
2026-09-24,HQ,15.8,6.254
2026-09-24,IBM,227.06,-2.449
2026-09-24,IREN,46.15,-1.913
2026-09-24,ISRG,399.52,0.306
2026-09-24,IUSG,193.97,0.098
2026-09-24,IWM,281.66,-0.092
2026-09-24,JPM,338.56,0.305
2026-09-24,KRKNF,3.21,-2.432
2026-09-24,LTRX,6.6,3.125
2026-09-24,LUNR,15.7,3.018
2026-09-24,META,777.59,4.501
2026-09-24,MSFT,497.93,-0.531
2026-09-24,MSTR,161.61,-0.364
2026-09-24,NBIS,243.48,7.445
2026-09-24,NCLH,14.19,0.071
2026-09-24,NKLR,3.63,-0.548
2026-09-24,NNE,17.02,0.059
2026-09-24,NVDA,224.58,-0.412
2026-09-24,OKLO,38.29,-1.365
2026-09-24,ONDS,7.6,2.703
2026-09-24,ORLY,86.24,0.396
2026-09-24,PLTR,192.59,0.417
2026-09-24,QBTS,17.48,3.986
2026-09-24,QQQ,741.1,-0.015
2026-09-24,QQQM,305.14,0.0
2026-09-24,QS,4.94,0.611
2026-09-24,RDW,11.6,2.928
2026-09-24,RKLB,73.61,4.694
2026-09-24,RSP,210.26,-0.497
2026-09-24,SCHA,33.09,-0.211
2026-09-24,SERV,4.51,4.64
2026-09-24,SMR,8.47,-2.419
2026-09-24,SPCX,148.03,-0.222
2026-09-24,SPY,767.18,-0.082
2026-09-24,SRFM,0.922,4.299
2026-09-24,TE,3.81,-5.693
2026-09-24,TLT,79.42,-1.293
2026-09-24,TQQQ,78.58,-0.102
2026-09-24,TSLA,377.94,-0.574
2026-09-24,VELO,11.02,0.456
2026-09-24,VOOG,85.56,0.117
2026-09-24,VUG,90.45,0.199
2026-09-25,AAPL,341.07,1.533
2026-09-25,ACHR,5.61,-1.751
2026-09-25,AMC,2.94,1.031
2026-09-25,AMD,630.63,0.218
2026-09-25,AMZN,249.67,0.116
2026-09-25,ASTS,61.81,1.228
2026-09-25,AVGO,352.81,0.699
2026-09-25,BAER,0.793,-4.458
2026-09-25,BULL,7.19,-0.964
2026-09-25,DE,690.46,-0.645
2026-09-25,DELL,562.89,5.013
2026-09-25,DIS,106.15,0.559
2026-09-25,ELMT,19.64,-0.456
2026-09-25,FLY,24.36,5.5
2026-09-25,GME,23.39,-6.515
2026-09-25,GOOGL,343.92,0.456
2026-09-25,GS,935.45,1.317
2026-09-25,HIMS,29.42,0.478
2026-09-25,HOOD,119.4,-1.175
2026-09-25,HQ,15.59,-1.329
2026-09-25,IBM,225.51,-0.683
2026-09-25,IREN,44.125,-4.388
2026-09-25,ISRG,405.18,1.417
2026-09-25,IUSG,195.14,0.603
2026-09-25,IWM,281.97,0.11
2026-09-25,JPM,343.06,1.329
2026-09-25,KRKNF,3.23,0.623
2026-09-25,LTRX,7.02,6.364
2026-09-25,LUNR,15.61,-0.573
2026-09-25,META,751.66,-3.335
2026-09-25,MSFT,516.17,3.663
2026-09-25,MSTR,158.61,-1.856
2026-09-25,NBIS,237.33,-2.526
2026-09-25,NCLH,14.61,2.96
2026-09-25,NKLR,3.53,-2.755
2026-09-25,NNE,16.99,-0.176
2026-09-25,NVDA,225.07,0.218
2026-09-25,OKLO,38.04,-0.653
2026-09-25,ONDS,7.64,0.526
2026-09-25,ORLY,86.12,-0.139
2026-09-25,PLTR,189.67,-1.516
2026-09-25,QBTS,17.41,-0.4
2026-09-25,QQQ,744.5,0.459
2026-09-25,QQQM,306.54,0.459
2026-09-25,QS,4.91,-0.607
2026-09-25,RDW,11.62,0.172
2026-09-25,RKLB,73.95,0.462
2026-09-25,RSP,211.11,0.404
2026-09-25,SCHA,33.13,0.121
2026-09-25,SERV,4.45,-1.33
2026-09-25,SMR,8.42,-0.59
2026-09-25,SPCX,148.68,0.439
2026-09-25,SPY,771.35,0.544
2026-09-25,SRFM,1.11,20.39
2026-09-25,TE,3.78,-0.787
2026-09-25,TLT,79.32,-0.126
2026-09-25,TQQQ,79.6,1.298
2026-09-25,TSLA,372.11,-1.543
2026-09-25,VELO,11.29,2.45
2026-09-25,VOOG,86.14,0.678
2026-09-25,VUG,90.94,0.542
2026-09-28,AAPL,338.4,-0.783
2026-09-28,ACHR,5.2,-7.308
2026-09-28,AMC,3.29,11.905
2026-09-28,AMD,607.87,-3.609
2026-09-28,AMZN,246.15,-1.41
2026-09-28,ASTS,61.0,-1.31
2026-09-28,AVGO,349.57,-0.918
2026-09-28,BAER,0.75,-5.422
2026-09-28,BULL,7.05,-1.947
2026-09-28,DE,689.59,-0.126
2026-09-28,DELL,543.43,-3.457
2026-09-28,DIS,105.59,-0.528
2026-09-28,ELMT,18.64,-5.092
2026-09-28,FLY,24.11,-1.026
2026-09-28,GME,23.96,2.437
2026-09-28,GOOGL,342.75,-0.34
2026-09-28,GS,916.28,-2.049
2026-09-28,HIMS,28.78,-2.175
2026-09-28,HOOD,116.46,-2.462
2026-09-28,HQ,14.27,-8.467
2026-09-28,IBM,220.67,-2.146
2026-09-28,IREN,41.72,-5.45
2026-09-28,ISRG,414.79,2.372
2026-09-28,IUSG,193.66,-0.758
2026-09-28,IWM,280.02,-0.692
2026-09-28,JPM,336.59,-1.886
2026-09-28,KRKNF,3.03,-6.192
2026-09-28,LTRX,7.22,2.849
2026-09-28,LUNR,15.2,-2.627
2026-09-28,META,715.62,-4.795
2026-09-28,MSFT,509.22,-1.346
2026-09-28,MSTR,157.14,-0.927
2026-09-28,NBIS,231.88,-2.296
2026-09-28,NCLH,14.31,-2.053
2026-09-28,NKLR,3.4,-3.683
2026-09-28,NNE,16.16,-4.885
2026-09-28,NVDA,228.86,1.684
2026-09-28,OKLO,37.11,-2.445
2026-09-28,ONDS,7.68,0.524
2026-09-28,ORLY,86.51,0.453
2026-09-28,PLTR,187.48,-1.155
2026-09-28,QBTS,16.78,-3.619
2026-09-28,QQQ,736.53,-1.071
2026-09-28,QQQM,303.29,-1.06
2026-09-28,QS,4.56,-7.128
2026-09-28,RDW,11.2,-3.614
2026-09-28,RKLB,72.19,-2.38
2026-09-28,RSP,209.74,-0.649
2026-09-28,SCHA,32.86,-0.815
2026-09-28,SERV,4.43,-0.449
2026-09-28,SMR,7.91,-6.057
2026-09-28,SPCX,145.47,-2.159
2026-09-28,SPY,765.61,-0.744
2026-09-28,SRFM,1.19,7.207
2026-09-28,TE,3.57,-5.556
2026-09-28,TLT,78.62,-0.883
2026-09-28,TQQQ,77.04,-3.216
2026-09-28,TSLA,357.45,-3.94
2026-09-28,VELO,10.97,-2.834
2026-09-28,VOOG,85.46,-0.789
2026-09-28,VUG,90.04,-0.89
2026-09-29,AAPL,329.4,-2.66
2026-09-29,ACHR,5.06,-2.692
2026-09-29,AMC,3.08,-6.383
2026-09-29,AMD,607.57,-0.049
2026-09-29,AMZN,246.67,0.211
2026-09-29,ASTS,59.4,-2.623
2026-09-29,AVGO,355.1,1.582
2026-09-29,BAER,0.641,-14.533
2026-09-29,BULL,7.17,1.702
2026-09-29,DE,680.5,-1.318
2026-09-29,DELL,539.59,-0.707
2026-09-29,DIS,105.41,-0.17
2026-09-29,ELMT,19.15,2.736
2026-09-29,FLY,22.86,-5.185
2026-09-29,GME,23.76,-0.835
2026-09-29,GOOGL,340.92,-0.534
2026-09-29,GS,916.24,-0.004
2026-09-29,HIMS,28.7,-0.278
2026-09-29,HOOD,116.22,-0.206
2026-09-29,HQ,14.18,-0.631
2026-09-29,IBM,219.99,-0.308
2026-09-29,IREN,41.38,-0.815
2026-09-29,ISRG,412.18,-0.629
2026-09-29,IUSG,193.88,0.114
2026-09-29,IWM,279.01,-0.361
2026-09-29,JPM,334.98,-0.478
2026-09-29,KRKNF,2.94,-2.97
2026-09-29,LTRX,7.22,0.0
2026-09-29,LUNR,14.55,-4.276
2026-09-29,META,738.79,3.238
2026-09-29,MSFT,508.96,-0.051
2026-09-29,MSTR,154.67,-1.572
2026-09-29,NBIS,237.355,2.361
2026-09-29,NCLH,14.8,3.424
2026-09-29,NKLR,3.33,-2.059
2026-09-29,NNE,15.79,-2.29
2026-09-29,NVDA,227.21,-0.721
2026-09-29,OKLO,37.11,0.0
2026-09-29,ONDS,7.48,-2.604
2026-09-29,ORLY,86.07,-0.509
2026-09-29,PLTR,186.97,-0.272
2026-09-29,QBTS,16.43,-2.086
2026-09-29,QQQ,737.93,0.19
2026-09-29,QQQM,303.83,0.178
2026-09-29,QS,4.59,0.658
2026-09-29,RDW,10.73,-4.196
2026-09-29,RKLB,69.7,-3.449
2026-09-29,RSP,209.5,-0.114
2026-09-29,SCHA,32.77,-0.274
2026-09-29,SERV,4.63,4.515
2026-09-29,SMR,7.76,-1.896
2026-09-29,SPCX,149.24,2.592
2026-09-29,SPY,764.2,-0.184
2026-09-29,SRFM,1.2,0.84
2026-09-29,TE,3.77,5.602
2026-09-29,TLT,78.23,-0.496
2026-09-29,TQQQ,77.46,0.545
2026-09-29,TSLA,352.84,-1.29
2026-09-29,VELO,10.8,-1.55
2026-09-29,VOOG,85.55,0.105
2026-09-29,VUG,89.94,-0.111
2026-09-30,AAPL,333.02,1.099
2026-09-30,ACHR,4.97,-1.779
2026-09-30,AMC,3.0,-2.597
2026-09-30,AMD,611.76,0.69
2026-09-30,AMZN,249.15,1.005
2026-09-30,ASTS,58.86,-0.909
2026-09-30,AVGO,351.19,-1.101
2026-09-30,BAER,0.702,9.516
2026-09-30,BULL,6.97,-2.789
2026-09-30,DE,671.55,-1.08
2026-09-30,DELL,537.95,-0.304
2026-09-30,DIS,104.9,-0.484
2026-09-30,ELMT,19.96,4.23
2026-09-30,FLY,23.15,1.269
2026-09-30,GME,24.65,3.746
2026-09-30,GOOGL,344.08,0.927
2026-09-30,GS,900.36,-1.733
2026-09-30,HIMS,29.79,3.798
2026-09-30,HOOD,112.5,-3.201
2026-09-30,HQ,14.86,4.795
2026-09-30,IBM,219.93,-0.027
2026-09-30,IREN,40.88,-1.208
2026-09-30,ISRG,406.63,-1.346
2026-09-30,IUSG,193.75,-0.067
2026-09-30,IWM,277.89,-0.401
2026-09-30,JPM,330.83,-1.239
2026-09-30,KRKNF,3.069,4.388
2026-09-30,LTRX,7.21,-0.139
2026-09-30,LUNR,14.24,-2.131
2026-09-30,META,725.18,-1.842
2026-09-30,MSFT,512.9,0.774
2026-09-30,MSTR,153.09,-1.022
2026-09-30,NBIS,235.88,-0.621
2026-09-30,NCLH,14.66,-0.946
2026-09-30,NKLR,3.39,1.802
2026-09-30,NNE,15.85,0.38
2026-09-30,NVDA,228.38,0.515
2026-09-30,OKLO,37.02,-0.243
2026-09-30,ONDS,7.33,-2.005
2026-09-30,ORLY,85.41,-0.767
2026-09-30,PLTR,187.05,0.043
2026-09-30,QBTS,16.57,0.852
2026-09-30,QQQ,739.77,0.249
2026-09-30,QQQM,304.64,0.267
2026-09-30,QS,4.645,1.198
2026-09-30,RDW,10.44,-2.703
2026-09-30,RKLB,69.68,-0.029
2026-09-30,RSP,208.02,-0.706
2026-09-30,SCHA,32.63,-0.427
2026-09-30,SERV,4.65,0.432
2026-09-30,SMR,7.9,1.804
2026-09-30,SPCX,150.86,1.085
2026-09-30,SPY,762.63,-0.205
2026-09-30,SRFM,1.2,0.0
2026-09-30,TE,3.86,2.387
2026-09-30,TLT,77.78,-0.575
2026-09-30,TQQQ,78.03,0.736
2026-09-30,TSLA,354.81,0.558
2026-09-30,VELO,10.89,0.833
2026-09-30,VOOG,85.48,-0.082
2026-09-30,VUG,90.11,0.189
2026-10-01,AAPL,330.32,-0.811
2026-10-01,ACHR,5.03,1.207
2026-10-01,AMC,2.76,-8.0
2026-10-01,AMD,615.73,0.649
2026-10-01,AMZN,248.23,-0.369
2026-10-01,ASTS,57.04,-3.092
2026-10-01,AVGO,343.64,-2.15
2026-10-01,BAER,0.682,-2.849
2026-10-01,BULL,7.03,0.861
2026-10-01,DE,667.26,-0.639
2026-10-01,DELL,541.74,0.705
2026-10-01,DIS,101.33,-3.403
2026-10-01,ELMT,20.35,1.954
2026-10-01,FLY,22.85,-1.296
2026-10-01,GME,24.11,-2.191
2026-10-01,GOOGL,338.24,-1.697
2026-10-01,GS,896.67,-0.41
2026-10-01,HIMS,29.3,-1.645
2026-10-01,HOOD,111.15,-1.2
2026-10-01,HQ,14.92,0.404
2026-10-01,IBM,225.62,2.587
2026-10-01,IREN,40.65,-0.563
2026-10-01,ISRG,401.24,-1.326
2026-10-01,IUSG,194.19,0.227
2026-10-01,IWM,279.02,0.407
2026-10-01,JPM,333.18,0.71
2026-10-01,KRKNF,3.009,-1.955
2026-10-01,LTRX,7.06,-2.08
2026-10-01,LUNR,14.05,-1.334
2026-10-01,META,725.93,0.103
2026-10-01,MSFT,512.8,-0.019
2026-10-01,MSTR,160.5,4.84
2026-10-01,NBIS,232.28,-1.526
2026-10-01,NCLH,14.64,-0.136
2026-10-01,NKLR,3.48,2.655
2026-10-01,NNE,15.73,-0.757
2026-10-01,NVDA,230.86,1.086
2026-10-01,OKLO,36.14,-2.377
2026-10-01,ONDS,7.12,-2.865
2026-10-01,ORLY,85.03,-0.445
2026-10-01,PLTR,190.04,1.599
2026-10-01,QBTS,16.56,-0.06
2026-10-01,QQQ,742.03,0.306
2026-10-01,QQQM,305.57,0.305
2026-10-01,QS,4.59,-1.184
2026-10-01,RDW,10.57,1.245
2026-10-01,RKLB,70.46,1.119
2026-10-01,RSP,209.0,0.471
2026-10-01,SCHA,32.77,0.429
2026-10-01,SERV,4.75,2.151
2026-10-01,SMR,7.79,-1.392
2026-10-01,SPCX,148.07,-1.849
2026-10-01,SPY,763.99,0.178
2026-10-01,SRFM,1.13,-5.833
2026-10-01,TE,3.73,-3.368
2026-10-01,TLT,77.71,0.312
2026-10-01,TQQQ,78.73,0.897
2026-10-01,TSLA,354.11,-0.197
2026-10-01,VELO,10.47,-3.857
2026-10-01,VOOG,85.69,0.246
2026-10-01,VUG,90.23,0.133
2026-10-02,AAPL,333.69,1.02
2026-10-02,ACHR,4.89,-2.783
2026-10-02,AMC,2.77,0.362
2026-10-02,AMD,633.91,2.953
2026-10-02,AMZN,251.52,1.325
2026-10-02,ASTS,58.45,2.472
2026-10-02,AVGO,355.14,3.347
2026-10-02,BAER,0.68,-0.293
2026-10-02,BULL,7.34,4.41
2026-10-02,DE,687.0,2.958
2026-10-02,DELL,562.52,3.836
2026-10-02,DIS,102.19,0.849
2026-10-02,ELMT,22.13,8.747
2026-10-02,FLY,23.32,2.057
2026-10-02,GME,24.7,2.447
2026-10-02,GOOGL,343.5,1.555
2026-10-02,GS,902.56,0.657
2026-10-02,HIMS,29.0,-1.024
2026-10-02,HOOD,112.74,1.43
2026-10-02,HQ,15.79,5.831
2026-10-02,IBM,222.64,-1.321
2026-10-02,IREN,41.76,2.731
2026-10-02,ISRG,391.95,-2.315
2026-10-02,IUSG,196.16,1.014
2026-10-02,IWM,281.52,0.896
2026-10-02,JPM,332.38,-0.24
2026-10-02,KRKNF,2.91,-3.29
2026-10-02,LTRX,7.19,1.841
2026-10-02,LUNR,14.71,4.698
2026-10-02,META,728.08,0.296
2026-10-02,MSFT,517.53,0.922
2026-10-02,MSTR,160.01,-0.305
2026-10-02,NBIS,242.81,4.533
2026-10-02,NCLH,15.14,3.415
2026-10-02,NKLR,3.51,0.862
2026-10-02,NNE,15.62,-0.699
2026-10-02,NVDA,233.95,1.338
2026-10-02,OKLO,35.87,-0.747
2026-10-02,ONDS,7.24,1.685
2026-10-02,ORLY,84.9,-0.153
2026-10-02,PLTR,188.75,-0.679
2026-10-02,QBTS,15.77,-4.771
2026-10-02,QQQ,749.58,1.017
2026-10-02,QQQM,308.69,1.021
2026-10-02,QS,4.57,-0.436
2026-10-02,RDW,10.88,2.933
2026-10-02,RKLB,73.92,4.911
2026-10-02,RSP,209.73,0.349
2026-10-02,SCHA,33.05,0.854
2026-10-02,SERV,4.615,-2.842
2026-10-02,SMR,7.75,-0.513
2026-10-02,SPCX,158.96,7.355
2026-10-02,SPY,769.64,0.74
2026-10-02,SRFM,0.972,-13.982
2026-10-02,TE,3.92,5.094
2026-10-02,TLT,77.48,-0.296
2026-10-02,TQQQ,81.01,2.896
2026-10-02,TSLA,370.59,4.654
2026-10-02,VELO,11.2,6.972
2026-10-02,VOOG,86.5,0.945
2026-10-02,VUG,91.17,1.042
2026-10-05,AAPL,332.89,-0.24
2026-10-05,ACHR,4.72,-3.476
2026-10-05,AMC,2.79,0.722
2026-10-05,AMD,631.75,-0.341
2026-10-05,AMZN,251.4,-0.048
2026-10-05,ASTS,58.44,-0.017
2026-10-05,AVGO,362.51,2.075
2026-10-05,BAER,0.659,-3.088
2026-10-05,BULL,7.36,0.272
2026-10-05,DE,682.2,-0.699
2026-10-05,DELL,552.29,-1.819
2026-10-05,DIS,103.61,1.39
2026-10-05,ELMT,21.29,-3.796
2026-10-05,FLY,22.59,-3.13
2026-10-05,GME,25.24,2.186
2026-10-05,GOOGL,346.47,0.865
2026-10-05,GS,893.46,-1.008
2026-10-05,HIMS,29.67,2.31
2026-10-05,HOOD,114.11,1.215
2026-10-05,HQ,16.03,1.52
2026-10-05,IBM,221.58,-0.476
2026-10-05,IREN,40.48,-3.065
2026-10-05,ISRG,406.48,3.707
2026-10-05,IUSG,197.95,0.913
2026-10-05,IWM,283.38,0.661
2026-10-05,JPM,332.38,0.0
2026-10-05,KRKNF,3.2,9.966
2026-10-05,LTRX,7.13,-0.834
2026-10-05,LUNR,14.29,-2.855
2026-10-05,META,741.9,1.898
2026-10-05,MSFT,525.18,1.478
2026-10-05,MSTR,164.43,2.762
2026-10-05,NBIS,232.57,-4.217
2026-10-05,NCLH,14.87,-1.783
2026-10-05,NKLR,3.44,-1.994
2026-10-05,NNE,15.51,-0.704
2026-10-05,NVDA,238.9,2.116
2026-10-05,OKLO,35.97,0.279
2026-10-05,ONDS,7.42,2.486
2026-10-05,ORLY,83.9,-1.178
2026-10-05,PLTR,189.4,0.344
2026-10-05,QBTS,15.64,-0.824
2026-10-05,QQQ,756.2,0.883
2026-10-05,QQQM,311.4,0.878
2026-10-05,QS,4.62,1.094
2026-10-05,RDW,10.43,-4.136
2026-10-05,RKLB,73.02,-1.218
2026-10-05,RSP,211.12,0.663
2026-10-05,SCHA,33.24,0.575
2026-10-05,SERV,4.88,5.742
2026-10-05,SMR,7.68,-0.903
2026-10-05,SPCX,171.09,7.631
2026-10-05,SPY,774.83,0.674
2026-10-05,SRFM,0.891,-8.333
2026-10-05,TE,3.7,-5.612
2026-10-05,TLT,77.11,-0.478
2026-10-05,TQQQ,83.12,2.605
2026-10-05,TSLA,378.73,2.196
2026-10-05,VELO,9.57,-14.554
2026-10-05,VOOG,87.29,0.913
2026-10-05,VUG,92.06,0.976
2026-10-06,AAPL,333.63,0.222
2026-10-06,ACHR,4.65,-1.483
2026-10-06,AMC,2.95,5.735
2026-10-06,AMD,649.42,2.797
2026-10-06,AMZN,256.29,1.945
2026-10-06,ASTS,63.12,8.008
2026-10-06,AVGO,375.81,3.669
2026-10-06,BAER,0.599,-9.105
2026-10-06,BULL,7.28,-1.087
2026-10-06,DE,682.79,0.086
2026-10-06,DELL,574.0,3.931
2026-10-06,DIS,104.03,0.405
2026-10-06,ELMT,23.16,8.783
2026-10-06,FLY,22.83,1.062
2026-10-06,GME,24.76,-1.902
2026-10-06,GOOGL,347.68,0.349
2026-10-06,GS,897.18,0.416
2026-10-06,HIMS,29.47,-0.674
2026-10-06,HOOD,112.0,-1.849
2026-10-06,HQ,17.26,7.673
2026-10-06,IBM,221.29,-0.131
2026-10-06,IREN,41.28,1.976
2026-10-06,ISRG,404.76,-0.423
2026-10-06,IUSG,199.1,0.581
2026-10-06,IWM,281.34,-0.72
2026-10-06,JPM,331.28,0.166
2026-10-06,KRKNF,3.37,5.312
2026-10-06,LTRX,7.33,2.805
2026-10-06,LUNR,15.06,5.388
2026-10-06,META,738.88,-0.407
2026-10-06,MSFT,529.3,0.784
2026-10-06,MSTR,164.55,0.073
2026-10-06,NBIS,249.87,7.439
2026-10-06,NCLH,15.51,4.304
2026-10-06,NKLR,3.6,4.651
2026-10-06,NNE,16.49,6.319
2026-10-06,NVDA,239.24,0.142
2026-10-06,OKLO,38.55,7.173
2026-10-06,ONDS,7.41,-0.135
2026-10-06,ORLY,85.14,1.478
2026-10-06,PLTR,192.07,1.41
2026-10-06,QBTS,15.79,0.959
2026-10-06,QQQ,759.66,0.458
2026-10-06,QQQM,312.76,0.437
2026-10-06,QS,4.65,0.649
2026-10-06,RDW,10.62,1.822
2026-10-06,RKLB,75.06,2.794
2026-10-06,RSP,212.33,0.573
2026-10-06,SCHA,33.1,-0.421
2026-10-06,SERV,4.77,-2.254
2026-10-06,SMR,8.02,4.427
2026-10-06,SPCX,171.92,0.485
2026-10-06,SPY,779.09,0.55
2026-10-06,SRFM,1.01,13.356
2026-10-06,TE,3.8,2.703
2026-10-06,TLT,77.28,0.22
2026-10-06,TQQQ,84.25,1.359
2026-10-06,TSLA,380.68,0.515
2026-10-06,VELO,9.57,0.0
2026-10-06,VOOG,87.81,0.596
2026-10-06,VUG,92.64,0.63
2026-10-07,AAPL,336.67,0.911
2026-10-07,ACHR,4.67,0.43
2026-10-07,AMC,2.88,-2.373
2026-10-07,AMD,645.86,-0.548
2026-10-07,AMZN,259.92,1.416
2026-10-07,ASTS,60.65,-3.913
2026-10-07,AVGO,376.51,0.186
2026-10-07,BAER,0.643,7.346
2026-10-07,BULL,5.89,-19.093
2026-10-07,DE,656.87,-3.796
2026-10-07,DELL,578.96,0.864
2026-10-07,DIS,104.75,0.692
2026-10-07,ELMT,21.62,-6.649
2026-10-07,FLY,21.51,-5.782
2026-10-07,GME,24.58,-0.727
2026-10-07,GOOGL,350.5,0.811
2026-10-07,GS,887.21,-1.111
2026-10-07,HIMS,29.54,0.238
2026-10-07,HOOD,109.51,-2.223
2026-10-07,HQ,16.15,-6.431
2026-10-07,IBM,220.51,-0.352
2026-10-07,IREN,38.69,-6.274
2026-10-07,ISRG,414.52,2.411
2026-10-07,IUSG,198.62,-0.241
2026-10-07,IWM,277.7,-1.294
2026-10-07,JPM,329.58,-0.513
2026-10-07,KRKNF,3.5,3.858
2026-10-07,LTRX,7.21,-1.637
2026-10-07,LUNR,14.41,-4.316
2026-10-07,META,721.31,-2.378
2026-10-07,MSFT,529.76,0.087
2026-10-07,MSTR,153.37,-6.794
2026-10-07,NBIS,237.15,-5.091
2026-10-07,NCLH,15.05,-2.966
2026-10-07,NKLR,3.38,-6.111
2026-10-07,NNE,16.01,-2.911
2026-10-07,NVDA,237.47,-0.74
2026-10-07,OKLO,36.82,-4.488
2026-10-07,ONDS,7.19,-2.969
2026-10-07,ORLY,84.61,-0.623
2026-10-07,PLTR,194.12,1.067
2026-10-07,QBTS,15.22,-3.61
2026-10-07,QQQ,757.73,-0.254
2026-10-07,QQQM,311.94,-0.262
2026-10-07,QS,4.52,-2.796
2026-10-07,RDW,10.24,-3.578
2026-10-07,RKLB,71.92,-4.183
2026-10-07,RSP,210.6,-0.815
2026-10-07,SCHA,32.61,-1.48
2026-10-07,SERV,4.66,-2.306
2026-10-07,SMR,7.67,-4.364
2026-10-07,SPCX,167.6,-2.513
2026-10-07,SPY,777.22,-0.24
2026-10-07,SRFM,0.913,-9.604
2026-10-07,TE,3.73,-1.842
2026-10-07,TLT,77.15,-0.168
2026-10-07,TQQQ,83.62,-0.748
2026-10-07,TSLA,377.81,-0.754
2026-10-07,VELO,9.1,-4.911
2026-10-07,VOOG,87.69,-0.137
2026-10-07,VUG,92.42,-0.237
